{
    "clean": 0.3160601258277893,
    "gaussian_noise_transform_1": 0.3141811490058899,
    "gaussian_noise_transform_2": 0.3105221390724182,
    "gaussian_noise_transform_3": 0.30844539403915405,
    "gaussian_noise_transform_4": 0.30251187086105347,
    "gaussian_noise_transform_5": 0.2802610993385315,
    "gaussian_blur_transform_1": 0.3163567781448364,
    "gaussian_blur_transform_2": 0.3166534900665283,
    "gaussian_blur_transform_3": 0.31655460596084595,
    "gaussian_blur_transform_4": 0.3163567781448364,
    "gaussian_blur_transform_5": 0.3153678774833679,
    "contrast_transform_1": 0.3079509735107422,
    "contrast_transform_2": 0.2987539768218994,
    "contrast_transform_3": 0.2887658476829529,
    "contrast_transform_4": 0.27323973178863525,
    "contrast_transform_5": 0.24910998344421387,
    "jpeg_transform_1": 0.3134889006614685,
    "jpeg_transform_2": 0.31210440397262573,
    "jpeg_transform_3": 0.30686312913894653,
    "jpeg_transform_4": 0.30488526821136475,
    "jpeg_transform_5": 0.27383309602737427
}