{
    "clean": 0.29329997301101685,
    "gaussian_noise_transform_1": 0.29159998893737793,
    "gaussian_noise_transform_2": 0.29280000925064087,
    "gaussian_noise_transform_3": 0.28850001096725464,
    "gaussian_noise_transform_4": 0.29019999504089355,
    "gaussian_noise_transform_5": 0.2799999713897705,
    "gaussian_blur_transform_1": 0.2944999933242798,
    "gaussian_blur_transform_2": 0.2944999933242798,
    "gaussian_blur_transform_3": 0.2944999933242798,
    "gaussian_blur_transform_4": 0.29930001497268677,
    "gaussian_blur_transform_5": 0.2993999719619751,
    "contrast_transform_1": 0.28329998254776,
    "contrast_transform_2": 0.2757999897003174,
    "contrast_transform_3": 0.26590001583099365,
    "contrast_transform_4": 0.2541000247001648,
    "contrast_transform_5": 0.2321000099182129,
    "jpeg_transform_1": 0.29280000925064087,
    "jpeg_transform_2": 0.29089999198913574,
    "jpeg_transform_3": 0.29019999504089355,
    "jpeg_transform_4": 0.2865999937057495,
    "jpeg_transform_5": 0.27319997549057007
}