{
    "clean": 0.8528480976819992,
    "gaussian_noise_transform_1": 0.8346519023180008,
    "gaussian_noise_transform_2": 0.7919303774833679,
    "gaussian_noise_transform_3": 0.721815675497055,
    "gaussian_noise_transform_4": 0.5809928774833679,
    "gaussian_noise_transform_5": 0.35601264238357544,
    "gaussian_blur_transform_1": 0.854034811258316,
    "gaussian_blur_transform_2": 0.8456289619207382,
    "gaussian_blur_transform_3": 0.8204113990068436,
    "gaussian_blur_transform_4": 0.7189477980136871,
    "gaussian_blur_transform_5": 0.5352056920528412,
    "contrast_transform_1": 0.8418710380792618,
    "contrast_transform_2": 0.8035007864236832,
    "contrast_transform_3": 0.7482199370861053,
    "contrast_transform_4": 0.6561511158943176,
    "contrast_transform_5": 0.5148338675498962,
    "jpeg_transform_1": 0.8441455662250519,
    "jpeg_transform_2": 0.8325751572847366,
    "jpeg_transform_3": 0.8188291192054749,
    "jpeg_transform_4": 0.8038963675498962,
    "jpeg_transform_5": 0.7053995132446289
}