{
    "clean": 0.6047270596027374,
    "gaussian_noise_transform_1": 0.6007713675498962,
    "gaussian_noise_transform_2": 0.5909810066223145,
    "gaussian_noise_transform_3": 0.578125,
    "gaussian_noise_transform_4": 0.5339201092720032,
    "gaussian_noise_transform_5": 0.43858784437179565,
    "gaussian_blur_transform_1": 0.6066060066223145,
    "gaussian_blur_transform_2": 0.5944422483444214,
    "gaussian_blur_transform_3": 0.5665545761585236,
    "gaussian_blur_transform_4": 0.49910998344421387,
    "gaussian_blur_transform_5": 0.4011076092720032,
    "contrast_transform_1": 0.5791139304637909,
    "contrast_transform_2": 0.5023734271526337,
    "contrast_transform_3": 0.42335838079452515,
    "contrast_transform_4": 0.34681564569473267,
    "contrast_transform_5": 0.2717563509941101,
    "jpeg_transform_1": 0.6026503145694733,
    "jpeg_transform_2": 0.5995846390724182,
    "jpeg_transform_3": 0.5971123278141022,
    "jpeg_transform_4": 0.5923655033111572,
    "jpeg_transform_5": 0.5583465099334717
}