{
    "clean": 0.825454905629158,
    "gaussian_noise_transform_1": 0.8097310066223145,
    "gaussian_noise_transform_2": 0.7735363990068436,
    "gaussian_noise_transform_3": 0.7093552350997925,
    "gaussian_noise_transform_4": 0.5829707384109497,
    "gaussian_noise_transform_5": 0.3681764006614685,
    "gaussian_blur_transform_1": 0.8270371854305267,
    "gaussian_blur_transform_2": 0.8243670910596848,
    "gaussian_blur_transform_3": 0.8028085380792618,
    "gaussian_blur_transform_4": 0.7097508013248444,
    "gaussian_blur_transform_5": 0.5354034900665283,
    "contrast_transform_1": 0.8168512731790543,
    "contrast_transform_2": 0.7841178774833679,
    "contrast_transform_3": 0.7365506291389465,
    "contrast_transform_4": 0.6470530033111572,
    "contrast_transform_5": 0.5070213675498962,
    "jpeg_transform_1": 0.8214003145694733,
    "jpeg_transform_2": 0.8117088675498962,
    "jpeg_transform_3": 0.8047863990068436,
    "jpeg_transform_4": 0.7879746854305267,
    "jpeg_transform_5": 0.7023338675498962
}