{
    "clean": 0.8670886009931564,
    "gaussian_noise_transform_1": 0.8443433493375778,
    "gaussian_noise_transform_2": 0.7713607549667358,
    "gaussian_noise_transform_3": 0.669996052980423,
    "gaussian_noise_transform_4": 0.4876384735107422,
    "gaussian_noise_transform_5": 0.25049448013305664,
    "gaussian_blur_transform_1": 0.8707476258277893,
    "gaussian_blur_transform_2": 0.8619461953639984,
    "gaussian_blur_transform_3": 0.830597311258316,
    "gaussian_blur_transform_4": 0.7461431920528412,
    "gaussian_blur_transform_5": 0.5706091821193695,
    "contrast_transform_1": 0.864517405629158,
    "contrast_transform_2": 0.8479034751653671,
    "contrast_transform_3": 0.8230814933776855,
    "contrast_transform_4": 0.7663172483444214,
    "contrast_transform_5": 0.6500197649002075,
    "jpeg_transform_1": 0.8626384437084198,
    "jpeg_transform_2": 0.8479034751653671,
    "jpeg_transform_3": 0.8346519023180008,
    "jpeg_transform_4": 0.8177413046360016,
    "jpeg_transform_5": 0.7100474536418915
}