{
    "clean": 0.8842958882451057,
    "gaussian_noise_transform_1": 0.8403876572847366,
    "gaussian_noise_transform_2": 0.7231012582778931,
    "gaussian_noise_transform_3": 0.5738726258277893,
    "gaussian_noise_transform_4": 0.37945014238357544,
    "gaussian_noise_transform_5": 0.2056962251663208,
    "gaussian_blur_transform_1": 0.8859770596027374,
    "gaussian_blur_transform_2": 0.8762855976819992,
    "gaussian_blur_transform_3": 0.8482001572847366,
    "gaussian_blur_transform_4": 0.7593947798013687,
    "gaussian_blur_transform_5": 0.5434137582778931,
    "contrast_transform_1": 0.8809335455298424,
    "contrast_transform_2": 0.8589794337749481,
    "contrast_transform_3": 0.8301028460264206,
    "contrast_transform_4": 0.7745253145694733,
    "contrast_transform_5": 0.640031635761261,
    "jpeg_transform_1": 0.8780656680464745,
    "jpeg_transform_2": 0.8512658178806305,
    "jpeg_transform_3": 0.8311906605958939,
    "jpeg_transform_4": 0.8056764304637909,
    "jpeg_transform_5": 0.6780063211917877
}